label,gender,income,duration,offer received,offer viewed,offer completed,transaction,value
0,0.18479827089337175,51013.328530259365,1025.5731268011527,4.362391930835735,3.1678674351585014,2.109149855907781,14.006484149855908,94.10608429394796
1,0.1772847100175747,54202.32864674868,204.15092267135324,4.515817223198594,3.165861159929701,0.8163444639718805,4.9822056239015815,31.54453866432342
2,0.5407515861395803,73086.62762323084,570.6293313811616,5.210102489019033,4.415812591508053,3.9277696437286482,10.552708638360176,228.1650414836507
3,0.7628714327743454,82900.26478375994,479.8546631362165,3.6728449543983523,2.5180935569285086,1.9938217122683142,5.634304207119741,116.2379611650487
